{"cameraMode":{"drawMode":0,"name":"Shaded","section":"Shading Mode"},"sceneLighting":true,"audioPlay":false,"sceneViewState":{"showFog":true,"showMaterialUpdate":false,"showSkybox":true,"showFlares":true,"showImageEffects":true,"showParticleSystems":true},"in2DMode":false,"pivot":{"x":647.50146484375,"y":407.53802490234377,"z":40.377349853515628},"rotation":{"x":-0.11167650669813156,"y":0.012252611108124257,"z":-0.0013537146151065827,"w":-0.99382084608078},"size":494.8926696777344,"orthographic":false}