{"cameraMode":{"drawMode":0,"name":"Shaded","section":"Shading Mode"},"sceneLighting":false,"audioPlay":false,"sceneViewState":{"showFog":true,"showMaterialUpdate":false,"showSkybox":false,"showFlares":true,"showImageEffects":true,"showParticleSystems":true},"in2DMode":false,"pivot":{"x":0.30118316411972048,"y":0.45854830741882326,"z":1.4291704893112183},"rotation":{"x":0.23926188051700593,"y":-0.6219696402549744,"z":0.20787064731121064,"w":0.7160780429840088},"size":2.348388910293579,"orthographic":false}