{"cameraMode":{"drawMode":0,"name":"Shaded","section":"Shading Mode"},"sceneLighting":false,"audioPlay":false,"sceneViewState":{"showFog":true,"showMaterialUpdate":false,"showSkybox":false,"showFlares":true,"showImageEffects":true,"showParticleSystems":true},"in2DMode":false,"pivot":{"x":-0.000001944601535797119,"y":-0.4009038805961609,"z":-0.0009546279907226563},"rotation":{"x":-0.29318609833717348,"y":0.019803853705525399,"z":-0.006041906774044037,"w":-0.9559073448181152},"size":0.760574996471405,"orthographic":false}